Model,MAE,RMSE,MAPE
Prophet,4.458659530438586,5.524649010470315,0.09076453681229153
RF (Optimized),4.297391304347826,5.26212388927579,0.0879051201078211
Stacking Ensemble,5.189565217391305,6.340656940316406,0.10505939990258033
